{
  "timestamp": "2026-04-20 19:50:34",
  "left_arm": {
    "openarm_left_joint6": -0.2416647592889305,
    "openarm_left_joint5": -0.06771190966659013,
    "openarm_left_joint2": -0.05855649652857231,
    "openarm_left_joint7": -0.5010681315327687,
    "openarm_left_joint4": 0.7173647669184415,
    "openarm_left_joint1": -0.4163805600061039,
    "openarm_left_joint3": 0.5838483253223483
  },
  "right_arm": {
    "openarm_right_joint1": 0.12493324177920151,
    "openarm_right_joint3": -0.07839322499427759,
    "openarm_right_joint4": 1.7484931715877003,
    "openarm_right_joint5": 1.3757915617608916,
    "openarm_right_joint2": 0.018501564049744346,
    "openarm_right_joint7": -0.27332722972457546,
    "openarm_right_joint6": 0.23098344396124126
  },
  "left_finger": {
    "openarm_left_finger_joint1": -0.0
  },
  "right_finger": {
    "openarm_right_finger_joint1": -0.0
  },
  "all_joints": {
    "openarm_right_joint1": 0.12493324177920151,
    "openarm_right_joint3": -0.07839322499427759,
    "openarm_left_finger_joint1": -0.0,
    "openarm_right_joint4": 1.7484931715877003,
    "openarm_left_joint6": -0.2416647592889305,
    "openarm_left_joint5": -0.06771190966659013,
    "openarm_left_joint2": -0.05855649652857231,
    "openarm_left_joint7": -0.5010681315327687,
    "openarm_left_joint4": 0.7173647669184415,
    "openarm_right_joint5": 1.3757915617608916,
    "openarm_left_joint1": -0.4163805600061039,
    "openarm_right_finger_joint1": -0.0,
    "openarm_right_joint2": 0.018501564049744346,
    "openarm_left_joint3": 0.5838483253223483,
    "openarm_right_joint7": -0.27332722972457546,
    "openarm_right_joint6": 0.23098344396124126
  }
}